,City,Lat,Lng,Temp,Humidity,Cloudiness,Wind Speed,Country,Date
0,Albany,42.6001,-73.9662,26.15,87,100,3.06,US,1612901116
1,Mataura,-46.1927,168.8643,48.15,95,100,5.48,NZ,1612901256
2,Alofi,-19.0595,-169.9187,80.6,89,75,8.05,NU,1612901364
3,Ushuaia,-54.8,-68.3,64.4,59,40,4.61,AR,1612901264
4,Marsh Harbour,26.5412,-77.0636,76.71,81,24,9.4,BS,1612901635
5,Tuktoyaktuk,69.4541,-133.0374,-38.2,67,20,9.22,CA,1612901315
6,Port Alfred,-33.5906,26.891,70.0,91,28,2.15,ZA,1612901258
7,Evensk,61.95,159.2333,15.73,90,100,24.02,RU,1612901343
8,Kaitangata,-46.2817,169.8464,55.0,94,100,4.0,NZ,1612901344
9,Port Elizabeth,-33.918,25.5701,69.8,94,0,8.05,ZA,1612901262
10,Amuntai,-2.4177,115.2494,74.7,95,100,0.31,ID,1612901637
11,Yellowknife,62.456,-114.3525,-11.94,70,90,18.41,CA,1612901391
12,Kapaa,22.0752,-159.319,70.7,49,1,21.85,US,1612901271
13,Mongomo,1.6274,11.3135,71.62,90,100,2.84,GQ,1612901637
14,Vaini,-21.2,-175.2,80.6,89,90,21.85,TO,1612901274
15,Beringovskiy,63.05,179.3167,-9.0,91,98,10.96,RU,1612901358
16,Rawson,-43.3002,-65.1023,78.22,33,100,28.19,AR,1612901544
17,George Town,5.4112,100.3354,79.43,83,20,3.44,MY,1612901266
18,Chui,-33.6971,-53.4616,73.63,72,0,10.07,UY,1612901266
19,Cape Town,-33.9258,18.4232,69.98,83,0,24.16,ZA,1612900994
20,Aksu,41.1231,80.2644,29.66,86,79,1.79,CN,1612901328
21,Abu Samrah,35.3029,37.1841,58.6,59,100,4.25,SY,1612901284
22,Kuvshinovo,57.0295,34.1725,6.3,94,100,8.43,RU,1612901640
23,Nikol'sk,53.7189,46.0712,5.74,94,100,11.79,RU,1612901640
24,Vangaindrano,-23.35,47.6,74.57,94,100,6.13,MG,1612901640
25,Marilândia,-19.4128,-40.5417,74.75,88,87,5.97,BR,1612901641
26,Rikitea,-23.1203,-134.9692,78.33,72,50,7.18,PF,1612901256
27,Thompson,55.7435,-97.8558,-22.0,63,40,9.22,CA,1612901047
28,Avarua,-21.2078,-159.775,82.4,78,100,6.91,CK,1612901255
29,Preobrazheniye,42.9019,133.9064,17.91,91,0,9.22,RU,1612901530
30,Punta Arenas,-53.15,-70.9167,69.4,52,0,5.75,CL,1612901123
31,Dikson,73.5069,80.5464,-29.11,87,96,9.98,RU,1612901258
32,Sarangani,5.4033,125.4636,81.52,80,97,8.66,PH,1612901642
33,Barrow,71.2906,-156.7887,-29.2,68,1,13.8,US,1612901256
34,Tasiilaq,65.6145,-37.6368,17.6,53,75,19.57,GL,1612901272
35,Lorengau,-2.0226,147.2712,81.36,78,100,3.67,PG,1612901431
36,Hasaki,35.7333,140.8333,30.69,55,20,5.75,JP,1612901299
37,Longyearbyen,78.2186,15.6401,15.8,79,75,10.36,SJ,1612901554
38,Bambous Virieux,-20.3428,57.7575,78.42,78,20,4.61,MU,1612901336
39,Provideniya,64.3833,-173.3,-5.64,77,0,14.27,RU,1612901419
40,Busselton,-33.65,115.3333,54.0,98,88,1.01,AU,1612901003
41,Ilhabela,-23.7781,-45.3581,75.42,70,83,5.1,BR,1612901484
42,Okhotsk,59.3833,143.3,10.04,87,99,25.41,RU,1612901644
43,Atuona,-9.8,-139.0333,79.23,76,13,18.86,PF,1612901259
44,Pareora,-44.4871,171.2132,52.0,97,100,4.25,NZ,1612901645
45,Velykyy Burluk,50.0379,37.3987,29.12,99,99,5.37,UA,1612901645
46,Uuemõisa,58.9394,23.5894,3.52,62,46,8.99,EE,1612901646
47,Isangel,-19.55,169.2667,77.0,88,20,6.98,VU,1612901277
48,Manta,-0.95,-80.7333,77.0,94,90,5.75,EC,1612901646
49,Mahébourg,-20.4081,57.7,78.8,78,20,4.61,MU,1612901279
50,Kavaratti,10.5669,72.642,80.89,68,0,7.58,IN,1612901567
51,Hobart,-42.8794,147.3294,47.7,81,20,5.75,AU,1612901265
52,Matara,5.9485,80.5353,74.03,84,38,3.24,LK,1612901482
53,Pevek,69.7008,170.3133,-4.36,72,0,0.76,RU,1612901260
54,Qaanaaq,77.484,-69.3632,18.03,73,0,5.1,GL,1612901385
55,Zweibrücken,49.25,7.3667,21.07,79,75,8.05,DE,1612901647
56,Kitangari,-10.65,39.3333,71.6,91,100,6.8,TZ,1612901648
57,Hong Kong,22.2855,114.1577,61.54,82,96,1.01,HK,1612901173
58,Krasnosel'kup,65.7,82.4667,-11.27,88,100,16.82,RU,1612901648
59,Gwanda,-20.9333,29.0,69.8,72,100,7.83,ZW,1612901648
60,Jamestown,42.097,-79.2353,23.38,80,90,10.36,US,1612901151
61,São Filipe,14.8961,-24.4956,70.79,76,100,10.89,CV,1612901339
62,Lebu,-37.6167,-73.65,67.37,67,3,13.42,CL,1612901314
63,Iqaluit,63.7506,-68.5145,8.29,78,40,5.75,CA,1612901288
64,Sai Buri,6.7013,101.6168,77.29,78,100,4.16,TH,1612901649
65,Hilo,19.7297,-155.09,68.34,68,90,11.5,US,1612901196
66,Laguna de Perlas,12.3429,-83.6712,86.0,70,75,9.22,NI,1612901650
67,Chokurdakh,70.6333,147.9167,-12.6,88,38,3.44,RU,1612901269
68,Dunedin,-45.8742,170.5036,51.01,88,100,1.99,NZ,1612901082
69,Luena,-11.7833,19.9167,65.05,96,100,5.61,AO,1612901651
70,Dandong,40.1292,124.3947,26.38,95,0,3.29,CN,1612901651
71,Araouane,18.9048,-3.5265,72.86,16,32,9.35,ML,1612901322
72,Sosnovo-Ozerskoye,52.5249,111.5418,9.03,92,94,3.22,RU,1612901545
73,Saint-Philippe,-21.3585,55.7679,74.32,69,75,14.97,RE,1612901293
74,Bafoulabé,13.8065,-10.8321,86.65,14,90,3.51,ML,1612901652
75,Hermanus,-34.4187,19.2345,66.99,84,0,9.08,ZA,1612901262
76,Hirtshals,57.5881,9.9592,24.46,68,75,14.97,DK,1612901652
77,Lander,42.833,-108.7307,19.44,49,1,5.75,US,1612901653
78,Hithadhoo,-0.6,73.0833,82.44,78,87,10.4,MV,1612901298
79,Airai,-8.9266,125.4092,61.38,100,100,1.63,TL,1612901309
80,Taiyuan,37.8694,112.5603,21.2,63,0,4.47,CN,1612901654
81,Khatanga,71.9667,102.5,-18.81,84,0,9.93,RU,1612901339
82,Morant Bay,17.8815,-76.4093,84.25,70,40,23.02,JM,1612901654
83,Akhmeta,42.0311,45.2075,48.2,71,0,3.44,GE,1612901654
84,Cockburn Town,21.4612,-71.1419,80.6,61,40,13.8,TC,1612901303
85,Lao Cai,22.4833,103.95,59.18,81,88,0.78,VN,1612901655
86,Severo-Yeniseyskiy,60.3725,93.0408,-7.17,88,100,11.9,RU,1612901655
87,Ulladulla,-35.35,150.4667,58.62,100,75,10.36,AU,1612901469
88,Sylacauga,33.1732,-86.2516,68.76,49,90,3.44,US,1612901507
89,Viranşehir,37.2353,39.7631,51.57,73,0,6.87,TR,1612901656
90,Bredasdorp,-34.5322,20.0403,66.2,77,4,1.14,ZA,1612901278
91,Saldanha,-33.0117,17.9442,66.2,72,0,13.8,ZA,1612901651
92,Ribeira Grande,38.5167,-28.7,62.6,94,75,24.16,PT,1612901304
93,Kralendijk,12.15,-68.2667,84.2,61,40,17.27,BQ,1612901591
94,Quatre Cocos,-20.2078,57.7625,78.39,78,20,5.75,MU,1612901657
95,New Norfolk,-42.7826,147.0587,47.7,66,28,1.83,AU,1612901259
96,Flers,48.7372,-0.5747,28.4,80,90,12.66,FR,1612901657
97,Kupang,-10.1667,123.5833,79.68,85,100,9.84,ID,1612901657
98,Brae,60.3964,-1.353,32.0,55,75,19.57,GB,1612901296
99,Chenzhou,25.8,113.0333,48.45,91,100,1.05,CN,1612901658
100,Kismayo,-0.3582,42.5454,78.22,83,0,19.44,SO,1612901411
101,Arraial do Cabo,-22.9661,-42.0278,74.16,88,90,2.3,BR,1612901265
102,Carnarvon,-24.8667,113.6333,73.4,100,40,19.57,AU,1612901209
103,Bengkulu,-3.8004,102.2655,75.61,88,100,4.92,ID,1612901291
104,Kruisfontein,-34.0033,24.7314,66.99,85,0,1.01,ZA,1612901278
105,Puerto Ayora,-0.7393,-90.3518,80.19,89,90,14.97,EC,1612901261
106,Pisco,-13.7,-76.2167,77.2,61,0,14.97,PE,1612901315
107,Saskylakh,71.9167,114.0833,-24.23,82,0,8.63,RU,1612901265
108,Fairbanks,64.8378,-147.7164,-34.6,79,20,4.61,US,1612901434
109,Karasjok,69.4719,25.5112,19.4,79,40,17.27,NO,1612901660
110,La Seyne-sur-Mer,43.0982,5.8847,52.77,90,100,8.99,FR,1612901660
111,Tauberbischofsheim,49.6247,9.6628,15.01,85,77,5.99,DE,1612901660
112,Codrington,-38.2667,141.9667,54.48,92,0,8.25,AU,1612901296
113,Cap-aux-Meules,47.3821,-61.8597,23.0,63,0,24.16,CA,1612901661
114,Shangqiu,34.45,115.65,44.01,58,100,5.99,CN,1612901661
115,Mago,53.2514,140.1822,2.16,93,100,5.66,RU,1612901661
116,Price,39.5994,-110.8107,46.4,36,90,5.28,US,1612901362
117,Gijang,35.2442,129.2139,30.2,51,0,2.3,KR,1612901320
118,Yining,29.0361,114.5636,49.93,87,100,1.43,CN,1612901653
119,Morehead,37.2711,-87.1764,33.93,80,90,5.75,US,1612901338
120,Te Anau,-45.4167,167.7167,46.8,90,100,2.17,NZ,1612901014
121,Torbay,47.6666,-52.7314,32.04,86,90,32.21,CA,1612901282
122,Sirte,31.2089,16.5887,66.52,32,0,6.35,LY,1612901663
123,Kachīry,53.0675,76.1036,-8.41,89,100,11.61,KZ,1612901663
124,Gamba,-2.65,10.0,77.65,87,100,4.43,GA,1612901566
125,Aykhal,66.0,111.5,-18.6,86,100,8.5,RU,1612901664
126,Staroutkinsk,57.2302,59.3348,-14.08,86,100,10.11,RU,1612901664
127,Lüderitz,-26.6481,15.1594,69.8,68,0,12.46,NA,1612901338
128,Egvekinot,66.3167,-179.1667,-13.38,75,52,9.71,RU,1612901343
129,Dingle,10.9995,122.6711,73.31,95,100,4.07,PH,1612901383
130,Bluff,-46.6,168.3333,52.41,86,100,8.97,NZ,1612901284
131,Mweka,-4.85,21.5667,74.79,67,100,0.69,CD,1612901329
132,Haradok,55.4624,29.9816,10.33,96,100,7.38,BY,1612901666
133,Kondrovo,54.8064,35.9278,6.8,78,100,11.18,RU,1612901666
134,Victor Harbor,-35.5667,138.6167,63.79,71,0,3.69,AU,1612901627
135,Qaryat Sulūq,31.6682,20.2521,59.09,50,0,3.78,LY,1612901666
136,Yerbogachën,61.2767,108.0108,21.07,96,100,13.22,RU,1612901348
137,Margate,51.3813,1.3862,31.86,58,100,4.0,GB,1612901320
138,Usinsk,65.9939,57.5281,-24.12,87,97,1.21,RU,1612901668
139,Susanville,40.4163,-120.653,51.8,46,1,1.9,US,1612901431
140,Tevaitoa,-16.7833,-151.5,81.88,72,0,14.76,PF,1612901669
141,San Miguel de Tucumán,-26.8241,-65.2226,66.2,94,75,5.75,AR,1612901491
142,Bam,29.106,58.357,53.28,40,0,3.22,IR,1612901669
143,Cherskiy,68.75,161.3,-3.51,84,0,1.07,RU,1612901302
144,Kaihua,23.3687,104.28,44.67,88,16,2.77,CN,1612901669
145,Ponta do Sol,32.6667,-17.1,57.16,64,100,3.0,PT,1612901301
146,Tura,25.5198,90.2201,59.25,38,0,2.8,IN,1612901359
147,Bertoua,4.5833,13.6833,71.22,23,52,1.39,CM,1612901670
148,Babstovo,48.1167,132.4833,-1.28,91,0,6.31,RU,1612901671
149,Jaisalmer,26.9147,70.9181,66.29,23,66,4.5,IN,1612901671
150,Port Keats,-14.25,129.55,78.4,83,100,1.63,AU,1612901423
151,Kropotkin,45.4375,40.5756,42.78,86,4,12.73,RU,1612901671
152,Kasiri,8.9412,-13.1148,79.75,72,15,11.36,SL,1612901672
153,Crossville,35.949,-85.0269,47.21,93,90,9.22,US,1612901526
154,Bambanglipuro,-7.95,110.2833,77.16,87,100,5.93,ID,1612901331
155,Mar del Plata,-38.0023,-57.5575,67.14,68,75,16.11,AR,1612901178
156,Hamilton,39.1834,-84.5333,29.52,69,90,4.61,US,1612900990
157,Bǝrdǝ,40.3744,47.1267,57.96,44,0,13.62,AZ,1612901673
158,Zadar,44.1197,15.2422,50.0,87,75,3.44,HR,1612901673
159,Honningsvåg,70.9821,25.9704,23.0,93,90,27.63,NO,1612901569
160,Severo-Kuril'sk,50.6789,156.125,25.79,93,100,22.84,RU,1612901373
161,Nelson Bay,-32.7167,152.15,63.7,94,75,5.75,AU,1612901674
162,Ushirombo,-3.4919,31.9639,65.64,93,100,3.89,TZ,1612901674
163,Yangshan,28.7615,115.0287,46.72,90,100,1.5,CN,1612901674
164,Vestmannaeyjar,63.4427,-20.2734,38.39,76,100,14.32,IS,1612901476
165,Isabela,6.7085,121.9711,77.94,85,77,3.58,PH,1612901675
166,Tombouctou,20.0,-3.0,70.27,17,0,9.28,ML,1612901675
167,Wanning,18.8003,110.3967,63.57,91,100,12.39,CN,1612901235
168,Tupelo,34.2576,-88.7034,63.88,59,20,3.44,US,1612901675
169,Hāgere Selam,6.4833,38.5167,50.11,90,99,4.45,ET,1612901676
170,Saint George,37.1041,-113.5841,58.77,26,1,1.5,US,1612901269
171,Mount Isa,-20.7333,139.5,78.8,83,96,6.8,AU,1612901311
172,Iraray,8.9936,118.0511,76.48,88,46,3.87,PH,1612901677
173,Soyo,-6.1349,12.3689,78.55,83,100,6.58,AO,1612901677
174,Keti Bandar,24.1447,67.4497,69.55,79,100,11.88,PK,1612901678
175,Ancud,-41.8697,-73.8203,77.86,41,0,10.36,CL,1612901267
176,Half Moon Bay,37.4636,-122.4286,55.83,87,90,3.44,US,1612901574
177,Yārāda,17.65,83.2667,68.0,88,5,2.3,IN,1612901678
178,Concarneau,47.875,-3.9225,33.8,93,90,18.41,FR,1612901679
179,Camacha,33.0833,-16.3333,62.6,82,20,10.36,PT,1612901432
180,Kuznechnoye,61.12,29.8686,10.99,95,64,2.28,RU,1612901679
181,Mincivan,39.0294,46.7185,56.34,38,0,4.38,AZ,1612901679
182,Coquimbo,-29.9533,-71.3436,66.2,72,0,13.8,CL,1612901221
183,Castro,-24.7911,-50.0119,72.37,67,100,6.38,BR,1612901259
184,Halifax,44.6453,-63.5724,26.87,40,20,14.97,CA,1612901385
185,Sept-Îles,50.2001,-66.3821,14.29,41,20,10.36,CA,1612901393
186,Sobolevo,54.4299,31.8996,7.65,95,98,7.96,RU,1612901301
187,Cidreira,-30.1811,-50.2056,76.62,77,0,17.34,BR,1612901285
188,Kavieng,-2.5744,150.7967,82.53,78,99,10.07,PG,1612901315
189,Tautira,-17.7333,-149.15,86.0,62,20,8.05,PF,1612901390
190,Rocafuerte,-0.9167,-80.4333,77.0,94,90,5.75,EC,1612901681
191,Sayyan,15.1718,44.3244,47.39,64,53,7.72,YE,1612901682
192,San Cristobal,7.7669,-72.225,86.0,54,40,11.5,VE,1612901544
193,Pangnirtung,66.1451,-65.7125,8.6,72,20,1.59,CA,1612901558
194,East London,-33.0153,27.9116,72.86,74,0,4.43,ZA,1612901102
195,Koulikoro,14.0,-7.75,79.72,17,20,7.65,ML,1612901683
196,Vaitape,-16.5167,-151.75,82.04,73,0,15.39,PF,1612901683
197,Waddān,29.1614,16.139,62.15,27,0,4.83,LY,1612901378
198,Upernavik,72.7868,-56.1549,10.6,76,22,2.19,GL,1612901282
199,Saint Paul Harbor,57.79,-152.4072,32.0,80,90,2.39,US,1612901263
200,Nome,64.5011,-165.4064,-0.4,42,1,11.5,US,1612901213
201,Kumul,42.8,93.45,33.64,79,100,3.69,CN,1612901306
202,Mbala,-8.8402,31.3659,61.14,95,100,1.68,ZM,1612901684
203,Isla Vista,34.4133,-119.861,55.26,71,90,5.75,US,1612901391
204,Eureka,40.8021,-124.1637,52.05,72,100,3.0,US,1612901073
205,Butaritari,3.0707,172.7902,80.89,83,5,16.55,KI,1612901267
206,Mercedes,-34.6515,-59.4307,74.59,76,89,1.99,AR,1612901686
207,Nicoya,10.1483,-85.452,91.4,43,0,16.11,CR,1612901686
208,Torbat-e Jām,35.244,60.6225,50.45,52,0,0.96,IR,1612901686
209,Alta Floresta,-9.8756,-56.0861,82.02,85,100,3.15,BR,1612901163
210,Linping,30.4225,120.2972,45.79,87,0,2.24,CN,1612901687
211,Owando,-0.4819,15.8999,78.94,67,100,4.9,CG,1612901568
212,Kasongo-Lunda,-6.4667,16.8167,73.18,90,100,2.13,CD,1612901687
213,Lar,26.2039,83.9717,56.84,69,37,2.91,IN,1612901687
214,Los Llanos de Aridane,28.6585,-17.9182,59.97,72,20,5.75,ES,1612901563
215,Mońki,53.405,22.7979,15.01,85,87,5.28,PL,1612901688
216,Ulaanbaatar,47.9077,106.8832,1.4,71,0,2.24,MN,1612901472
217,Burnie,-41.0667,145.9167,51.17,78,29,11.74,AU,1612901680
218,Vila Franca do Campo,37.7167,-25.4333,60.91,94,75,14.97,PT,1612901544
219,Dzhebariki-Khaya,62.2167,135.8,-20.42,85,90,3.22,RU,1612901689
220,Cayenne,4.9333,-52.3333,82.4,69,75,12.66,GF,1612901353
221,Qasigiannguit,68.8193,-51.1922,21.2,45,1,2.3,GL,1612901661
222,Oppdal,62.5943,9.6912,10.49,72,14,5.35,NO,1612901690
223,Sitka,57.0531,-135.33,17.6,38,1,5.75,US,1612901286
224,Burns Lake,54.2331,-125.7533,-7.6,59,100,4.61,CA,1612901690
225,Voyvozh,62.892,54.9635,-12.42,90,100,4.94,RU,1612901690
226,Kalmunai,7.4167,81.8167,72.9,81,84,9.42,LK,1612901628
227,Xiaoweizhai,26.1903,107.5125,45.61,90,100,2.15,CN,1612901691
228,Jiangyou,31.7667,104.7167,51.87,63,57,1.05,CN,1612901691
229,Manono,-7.3,27.4167,71.87,91,100,2.42,CD,1612901382
230,Wenling,28.3669,121.36,51.01,79,100,6.46,CN,1612901692
231,Usvyaty,55.7456,30.7533,10.58,95,100,7.7,RU,1612901692
232,Cabo San Lucas,22.8909,-109.9124,73.02,60,1,9.22,MX,1612901305
233,Los Alamos,35.8881,-106.307,54.72,11,1,11.5,US,1612901693
234,Nanortalik,60.1432,-45.2371,29.5,87,78,14.94,GL,1612901334
235,Praia da Vitória,38.7333,-27.0667,61.92,88,75,22.53,PT,1612901312
236,Chegdomyn,51.1167,133.0167,-18.65,87,92,0.81,RU,1612901693
237,Esim,4.8699,-2.2405,81.23,82,76,9.08,GH,1612901479
238,Samaná,19.2056,-69.3369,86.0,74,20,11.5,DO,1612901510
239,Ilulissat,69.2167,-51.1,21.2,45,1,2.3,GL,1612901296
240,Rocha,-34.4833,-54.3333,70.61,82,52,15.17,UY,1612901555
241,Port Lincoln,-34.7333,135.8667,69.51,61,0,7.87,AU,1612901349
242,Manzhouli,49.6,117.4333,7.29,91,52,3.98,CN,1612901695
243,Salinas,36.6777,-121.6555,56.43,67,20,4.61,US,1612901544
244,Normandin,48.8333,-72.5321,6.33,66,100,3.44,CA,1612901695
245,Clyde River,70.4692,-68.5914,-0.4,92,20,6.91,CA,1612901317
246,Jiwani,25.05,61.7417,73.13,49,100,5.82,PK,1612901696
247,Springdale,36.1867,-94.1288,26.6,100,90,5.75,US,1612901696
248,Nemuro,43.3236,145.575,20.32,89,37,14.47,JP,1612901294
249,Capaci,38.1711,13.2393,58.23,72,20,14.97,IT,1612901696
250,Paamiut,61.994,-49.6678,31.57,88,97,6.87,GL,1612901338
251,Labuhan,-6.8844,112.2051,77.85,86,100,11.23,ID,1612901554
252,Namtsy,62.7161,129.6658,-32.8,68,14,6.71,RU,1612901697
253,Denpasar,-8.65,115.2167,78.8,89,75,11.5,ID,1612901697
254,Elko,41.0002,-115.5012,44.73,29,90,5.75,US,1612901698
255,Maiduguri,11.8464,13.1603,73.35,19,19,9.17,NG,1612901698
256,Nerchinskiy Zavod,51.3088,119.61,-8.25,91,80,2.82,RU,1612901698
257,Yulara,-25.2406,130.9889,84.2,58,33,4.32,AU,1612901340
258,Zanesville,39.9404,-82.0132,29.66,69,90,4.61,US,1612901472
259,Souris,49.6172,-100.2612,-10.61,64,75,23.02,CA,1612901699
260,Izberbash,42.5696,47.8645,42.4,93,90,6.71,RU,1612901699
261,Oga,46.4631,10.347,34.02,93,75,2.3,IT,1612901640
262,San Patricio,28.017,-97.5169,81.9,48,40,10.36,US,1612901700
263,Tuatapere,-46.1333,167.6833,51.78,89,100,5.39,NZ,1612901275
264,Pala,9.3642,14.9046,77.22,16,5,4.09,TD,1612901473
265,Kyren,51.6828,102.1408,19.35,88,100,0.96,RU,1612901700
266,Katsuura,35.1333,140.3,38.12,38,20,11.5,JP,1612901277
267,Neturhāt,23.4833,84.2667,48.07,52,0,1.77,IN,1612901701
268,Lavrentiya,65.5833,-171.0,-12.64,80,0,14.67,RU,1612901309
269,Pamekasan,-7.1568,113.4746,78.21,88,99,10.29,ID,1612901702
270,Saint Anthony,45.0205,-93.218,8.2,43,1,13.8,US,1612901569
271,San Ramon,37.7799,-121.978,57.63,62,90,4.61,US,1612901702
272,Hirado,33.3597,129.5531,41.0,65,26,3.0,JP,1612901703
273,Constitución,-35.3333,-72.4167,70.2,67,13,8.37,CL,1612901287
274,Buala,-8.145,159.5921,79.93,85,51,9.28,SB,1612901555
275,Oddur,4.1213,43.8894,75.97,34,49,13.4,SO,1612901704
276,Klaksvík,62.2266,-6.589,30.2,80,91,6.91,FO,1612901169
277,Norman Wells,65.282,-126.8329,-38.2,67,20,2.3,CA,1612901350
278,Dwārka,22.2394,68.9678,69.44,74,33,10.58,IN,1612901557
279,Bathsheba,13.2167,-59.5167,80.6,61,40,19.57,BB,1612901296
280,Ostrovnoy,68.0531,39.5131,5.5,86,95,9.37,RU,1612901261
281,Kuruman,-27.4524,23.4325,75.99,64,99,3.4,ZA,1612901705
282,Ōmamachō-ōmama,36.4333,139.2833,28.99,57,0,4.0,JP,1612901706
283,Tumbagaan,5.3656,120.3139,79.12,84,0,2.64,PH,1612901706
284,Rongcheng,30.634,117.8517,48.4,81,100,1.05,CN,1612901267
285,Hibbing,47.4272,-92.9377,-2.2,50,20,13.8,US,1612901103
286,Ossora,59.2353,163.0719,29.05,97,100,42.75,RU,1612901326
287,Mount Gambier,-37.8333,140.7667,53.6,94,0,5.75,AU,1612901351
288,Bonthe,7.5264,-12.505,80.62,79,98,11.18,SL,1612901629
289,Shimoda,34.6667,138.95,40.62,69,33,9.08,JP,1612901332
290,Eganville,45.5334,-77.0994,23.11,68,40,5.75,CA,1612901708
291,Ocean City,39.2776,-74.5746,45.68,100,90,10.36,US,1612901434
292,Tual,-5.6667,132.75,82.96,79,80,17.69,ID,1612901417
293,Mahuva,21.0914,71.7622,69.85,37,82,11.56,IN,1612901708
294,Caravelas,-17.7125,-39.2481,78.76,76,90,6.24,BR,1612901256
295,Inuvik,68.3499,-133.7218,-36.4,67,29,2.3,CA,1612901709
296,Guerrero Negro,27.9769,-114.0611,67.53,51,5,9.91,MX,1612901369
297,Norton,-17.8833,30.7,64.99,92,100,1.99,ZW,1612901709
298,Salisbury,51.0693,-1.7957,30.27,80,75,14.97,GB,1612901710
299,Warrington,53.3925,-2.5802,32.34,80,40,12.66,GB,1612901497
300,Lumsden,50.6501,-104.8678,-15.14,69,90,25.32,CA,1612901710
301,Chase,50.8165,-119.6857,13.41,48,56,1.14,CA,1612901710
302,Lake Charles,30.2131,-93.2044,71.69,73,75,6.91,US,1612901425
303,Kharan,28.5833,65.4167,59.47,34,0,10.6,PK,1612901711
304,Belyy Yar,53.6039,91.3903,3.2,72,0,11.18,RU,1612901570
305,Chirilagua,13.2203,-88.1386,93.22,26,0,3.44,SV,1612901711
306,Cariamanga,-4.3333,-79.55,86.0,45,40,17.27,EC,1612901712
307,Colón,9.3592,-79.9014,88.0,59,0,14.0,PA,1612901712
308,Esperance,-33.8667,121.9,59.0,82,0,3.44,AU,1612900987
309,Arlit,18.7369,7.3853,71.73,15,0,3.15,NE,1612901570
310,Nyahururu,0.0421,36.3673,55.35,93,100,10.42,KE,1612901713
311,Tornio,65.8481,24.1466,-16.6,76,0,3.44,FI,1612901713
312,Altay,47.8667,88.1167,21.63,94,100,3.69,CN,1612901713
313,Richmond,37.5538,-77.4603,58.15,71,20,5.75,US,1612901492
314,Bida,9.0833,6.0167,88.61,13,98,3.71,NG,1612901713
315,Solnechnyy,50.7214,136.6319,-3.15,85,1,1.86,RU,1612901368
316,Shingū,33.7333,135.9833,36.43,82,79,5.77,JP,1612901708
317,Atambua,-9.1061,124.8925,75.33,89,100,1.72,ID,1612901714
318,Gouré,13.9835,10.2704,74.43,17,0,9.57,NE,1612901639
319,Poções,-14.5297,-40.3653,73.22,77,71,7.43,BR,1612901715
320,Kahului,20.8947,-156.47,66.79,68,75,18.41,US,1612901331
321,Ayan,56.45,138.1667,6.53,87,94,11.88,RU,1612901715
322,Bethel,41.3712,-73.414,27.7,86,90,4.61,US,1612901156
323,Okha,53.5739,142.9478,0.91,93,52,11.36,RU,1612901266
324,Sangar,63.9242,127.4739,-24.14,84,0,5.59,RU,1612901470
325,Berlevåg,70.8578,29.0864,19.4,73,75,17.27,NO,1612901571
326,General Roca,-39.0333,-67.5833,86.0,32,0,13.8,AR,1612901273
327,Faanui,-16.4833,-151.75,81.7,73,0,15.41,PF,1612901274
328,Mossamedes,-15.1961,12.1522,73.26,76,93,7.16,AO,1612901260
329,Souillac,-20.5167,57.5167,78.8,78,20,4.61,MU,1612901289
330,Marathon,44.9,-89.7668,5.7,60,1,11.5,US,1612901717
331,Boca do Acre,-8.7522,-67.3978,84.0,76,81,3.62,BR,1612901717
332,Nizhniy Tsasuchey,50.5167,115.1333,11.1,92,100,7.36,RU,1612901718
333,Husavik,66.0449,-17.3389,23.0,100,90,2.3,IS,1612901337
334,Luganville,-15.5333,167.1667,78.93,76,65,1.36,VU,1612901554
335,La Ronge,55.1001,-105.2842,-18.4,52,100,11.5,CA,1612901356
336,Beloha,-25.1667,45.05,73.18,92,100,2.37,MG,1612901383
337,Fort Nelson,58.8053,-122.7002,-16.6,58,40,10.36,CA,1612901362
338,Yar-Sale,66.8333,70.8333,-26.93,84,0,9.69,RU,1612901358
339,Chumikan,54.7183,135.315,-1.44,86,100,17.9,RU,1612901569
340,Kiryat Gat,31.61,34.7642,60.69,40,0,1.81,IL,1612901389
341,College,64.8569,-147.8028,-34.6,79,20,4.61,US,1612901350
342,Muswellbrook,-32.2667,150.9,55.26,92,4,1.72,AU,1612901720
343,Dahra,36.2546,0.8519,59.0,67,0,6.91,DZ,1612901720
344,Hambantota,6.1241,81.1185,74.55,76,76,17.34,LK,1612901277
345,Hofn,64.2539,-15.2082,32.04,94,100,9.66,IS,1612901294
346,Bahía Blanca,-38.7196,-62.2724,81.57,28,0,8.37,AR,1612901652
347,Berbera,10.4396,45.0143,76.66,59,89,2.98,SO,1612901721
348,Helmsdale,58.1168,-3.6517,29.52,93,75,5.75,GB,1612901721
349,Guymon,36.6828,-101.4816,23.0,74,90,5.75,US,1612901623
350,Akdepe,42.0551,59.3788,37.49,48,90,13.8,TM,1612901721
351,Sandwick,60.0,-1.25,32.0,55,75,19.57,GB,1612901722
352,Turaif,31.6725,38.6637,53.6,76,0,5.75,SA,1612901722
353,Alberton,46.8168,-64.0654,22.12,58,0,23.02,CA,1612901722
354,Port Shepstone,-30.7414,30.455,76.32,82,100,9.73,ZA,1612901723
355,Batken,39.8333,71.0,28.96,91,100,8.19,KG,1612901723
356,Roald,62.5833,6.1333,23.23,68,40,9.22,NO,1612901364
357,Thinadhoo,0.5333,72.9333,81.99,80,100,14.58,MV,1612901723
358,Nishihara,26.1842,127.7558,61.7,59,75,5.75,JP,1612901358
359,Novosergiyevka,52.0934,53.6528,-11.36,87,76,4.97,RU,1612901724
360,Zhigansk,66.7697,123.3711,-28.19,83,0,0.58,RU,1612901471
361,Manokwari,-0.8667,134.0833,78.69,79,99,7.14,ID,1612901665
362,Jutaí,-5.1833,-68.9,87.48,69,75,2.95,BR,1612901724
363,Fallon,39.4735,-118.7774,48.56,57,75,5.75,US,1612901724
364,Lompoc,34.6391,-120.4579,54.1,71,75,3.44,US,1612901332
365,North Bend,43.4065,-124.2243,45.7,76,40,4.63,US,1612901572
366,Moussoro,13.6408,16.4901,74.71,16,0,11.74,TD,1612901725
367,Olafsvik,64.8945,-23.7142,29.16,94,100,21.7,IS,1612901337
368,Challapata,-18.9,-66.7667,62.78,35,100,10.4,BO,1612901726
369,Kiunga,-6.1219,141.2906,73.71,99,100,2.3,PG,1612901460
370,Nikolskoye,59.7035,30.7861,1.62,85,20,2.24,RU,1612901258
371,Pacific Grove,36.6177,-121.9166,55.26,76,75,3.44,US,1612901552
372,Bontang,0.1333,117.5,78.35,85,2,3.2,ID,1612901631
373,Turka,49.1541,23.0297,29.98,86,100,57.0,UA,1612901727
374,Aklavik,68.2191,-135.0107,-39.05,74,0,2.3,CA,1612901301
375,Acapulco de Juárez,16.8634,-99.8901,84.2,65,1,9.22,MX,1612901420
376,Davila,18.4726,120.5763,75.11,77,100,11.5,PH,1612901728
377,Samarai,-10.6167,150.6667,81.68,74,100,5.64,PG,1612901282
378,Mehamn,71.0357,27.8492,23.0,93,90,27.63,NO,1612901281
379,Sakata,38.9167,139.855,33.96,92,100,15.9,JP,1612901728
380,Okakarara,-20.5833,17.4333,69.66,77,100,5.75,NA,1612901729
381,San Jose,37.3394,-121.895,57.25,71,90,3.8,US,1612901497
382,Wooster,40.8051,-81.9351,24.67,74,90,6.91,US,1612901609
383,Olinda,-8.0089,-34.8553,80.6,65,20,11.5,BR,1612901295
384,Dukat,62.55,155.55,-1.43,91,87,10.13,RU,1612901730
385,Daitari,21.1,85.75,56.57,73,2,0.98,IN,1612901730
386,Lingao,19.9103,109.6859,61.99,87,99,8.25,CN,1612901730
387,Sørland,67.667,12.6934,31.23,85,5,20.47,NO,1612901573
388,Geraldton,-28.7667,114.6,60.8,88,40,9.22,AU,1612901278
389,Corralillo,22.9819,-80.5856,80.29,66,0,16.98,CU,1612901731
390,Chiredzi,-21.05,31.6667,73.54,68,99,2.21,ZW,1612901731
391,Marsá Maţrūḩ,31.3525,27.2453,55.4,88,0,5.79,EG,1612901670
392,Anadyr,64.75,177.4833,5.0,78,0,4.47,RU,1612901684
393,Oistins,13.0667,-59.5333,80.6,61,40,19.57,BB,1612901280
394,Semnan,35.5729,53.3971,50.94,50,100,1.25,IR,1612901732
395,Poso,-1.3959,120.7524,78.28,74,61,3.53,ID,1612901732
396,Suileng,47.25,127.0833,0.0,92,97,4.09,CN,1612901482
397,Leh,34.1667,77.5833,20.55,86,100,2.21,IN,1612901439
398,Naze,28.3667,129.4833,53.74,68,36,7.63,JP,1612901303
399,Inírida,3.8653,-67.9239,85.77,74,99,4.12,CO,1612901733
400,Belaya Gora,68.5333,146.4167,-22.83,86,6,2.51,RU,1612901314
401,Kristinehamn,59.3098,14.1081,11.48,85,0,5.75,SE,1612901734
402,Beira,-19.8436,34.8389,78.82,89,40,5.75,MZ,1612901643
403,Todos Santos,23.45,-110.2167,67.5,83,0,8.01,MX,1612901734
404,Deer Lake,49.1667,-57.4316,26.31,80,90,13.8,CA,1612901574
405,Cedartown,34.0537,-85.255,66.63,62,74,1.99,US,1612901735
406,Narsaq,60.9167,-46.05,35.6,27,40,29.93,GL,1612901309
407,Bilibino,68.0546,166.4372,-6.93,87,0,3.13,RU,1612901636
408,Kiruna,67.8557,20.2251,-4.0,84,0,3.44,SE,1612901736
409,Lungi,9.2212,-12.6831,79.11,69,5,10.27,SL,1612901736
410,Yeppoon,-23.1333,150.7333,71.6,78,90,5.75,AU,1612901736
411,Tsiroanomandidy,-18.7667,46.0333,68.67,97,100,2.66,MG,1612901700
412,Marawi,7.9986,124.2928,73.99,94,51,1.99,PH,1612901326
413,Mitú,1.1983,-70.1733,82.09,91,100,3.53,CO,1612901617
414,Verkhovazh'ye,60.7472,42.0465,-10.19,90,27,1.97,RU,1612901737
415,Artvin Province,41.1667,41.8333,57.2,54,0,25.32,TR,1612901737
416,Van Buren,35.4368,-94.3483,33.22,100,90,8.05,US,1612901737
417,Peniche,39.3558,-9.3811,56.07,79,82,21.0,PT,1612901694
418,Libreville,0.3925,9.4537,84.2,79,20,5.75,GA,1612901448
419,Jinka,5.65,36.65,69.26,60,57,3.62,ET,1612901738
420,Poum,-20.2333,164.0167,79.56,70,0,13.91,NC,1612901561
421,Kawambwa,-9.7915,29.0791,63.64,97,100,3.6,ZM,1612901739
422,Umm Kaddadah,13.6017,26.6876,69.66,23,99,11.18,SD,1612901382
423,Portland,45.5234,-122.6762,41.77,72,100,1.99,US,1612901176
424,Almaty,43.25,76.95,23.0,93,90,2.24,KZ,1612901739
425,Kosh-Agach,50.0,88.6667,-0.67,82,1,5.32,RU,1612901558
426,Chicama,-7.8447,-79.1469,69.8,88,20,4.61,PE,1612901740
427,Bakewar,26.6667,79.1833,60.49,50,100,3.11,IN,1612901740
428,San Quintín,30.4833,-115.95,60.08,66,100,7.34,MX,1612901673
429,Lomovka,53.9194,58.3672,-11.2,64,20,13.42,RU,1612901741
430,Tshela,-4.9833,12.9333,72.18,95,100,1.3,CD,1612901741
431,San Felipe,10.3399,-68.7425,80.08,62,55,9.6,VE,1612901741
432,Praia,14.9215,-23.5087,69.8,73,0,23.02,CV,1612901212
433,Valparaíso,-33.0393,-71.6273,70.0,60,20,8.05,CL,1612901297
434,Gimli,50.6336,-96.9907,-9.4,49,100,9.22,CA,1612901556
435,Lazurne,46.084,32.5295,32.0,100,100,4.47,UA,1612901742
436,Menongue,-14.6585,17.691,66.42,90,100,4.32,AO,1612901330
437,Östersund,63.1792,14.6357,17.6,93,20,2.3,SE,1612901743
438,Haimen,23.1935,116.6142,60.8,72,75,6.71,CN,1612901743
439,Xai-Xai,-25.0519,33.6442,77.88,86,26,9.51,MZ,1612901743
440,Kouqian,43.6391,126.4578,13.87,92,0,5.55,CN,1612901744
441,Nhulunbuy,-12.2333,136.7667,80.6,89,100,10.36,AU,1612901399
442,Ciudad Bolivar,8.1222,-63.5497,91.92,37,100,13.62,VE,1612901565
443,Vanderhoof,54.0166,-124.0198,-12.05,86,100,5.37,CA,1612901744
444,Colares,38.7992,-9.4469,57.29,89,57,21.68,PT,1612901312
445,Keffi,8.8486,7.8736,86.0,42,7,2.3,NG,1612901745
446,Aksha,50.2814,113.2867,12.29,92,100,2.71,RU,1612901745
447,Luanda,-8.8368,13.2343,80.6,83,75,6.91,AO,1612901556
448,Sisimiut,66.9395,-53.6735,18.84,80,0,4.0,GL,1612901545
449,Wembley,-31.9333,115.8,62.78,72,75,12.66,AU,1612901746
450,Loíza,18.4313,-65.8802,76.55,73,75,12.66,PR,1612901520
451,Sayanogorsk,53.0875,91.3997,4.37,87,3,5.48,RU,1612901746
452,Kongoussi,13.3258,-1.5347,81.82,14,0,9.46,BF,1612901746
453,Karratha,-20.7377,116.8463,82.24,52,0,13.8,AU,1612901560
454,Belmonte,-15.8631,-38.8828,80.6,69,40,8.05,BR,1612901289
455,Coahuayana Viejo,18.7333,-103.6833,80.6,41,40,7.65,MX,1612901551
456,Tateyama,34.9833,139.8667,37.0,39,5,3.0,JP,1612901242
457,Charters Towers,-20.1,146.2667,73.31,93,61,11.63,AU,1612901334
458,Rome,34.257,-85.1647,66.85,49,90,5.75,US,1612901541
459,Sibsāgar,26.9833,94.6333,60.6,61,0,1.52,IN,1612901748
460,Pittsburg,38.028,-121.8847,61.14,55,90,4.25,US,1612901570
461,Wajima,37.4,136.9,40.39,74,100,14.38,JP,1612901570
462,Sabzawār,36.2126,57.6819,50.18,52,53,0.96,IR,1612901382
463,Stolin,51.8912,26.846,13.91,96,100,1.12,BY,1612901749
464,Novy Urengoy,66.0833,76.6333,-20.88,86,44,11.3,RU,1612901722
465,Novobirilyussy,56.9514,90.6661,-3.23,91,96,7.0,RU,1612901749
466,Jardim,-21.4803,-56.1381,84.76,46,100,7.78,BR,1612901749
467,Tereze,43.9361,42.4434,30.2,93,90,2.24,RU,1612901750
468,Mirny,62.5353,113.9611,-14.98,89,100,10.27,RU,1612901649
469,Kreuzlingen,47.65,9.1833,33.84,90,37,2.75,CH,1612901750
470,Kita,13.0349,-9.4895,84.13,15,28,4.9,ML,1612901750
471,Meulaboh,4.1363,96.1285,77.86,85,13,4.83,ID,1612901357
472,Gravdal,68.1214,13.5031,14.0,79,20,4.61,NO,1612901751
473,Jacareacanga,-6.2222,-57.7528,75.2,94,90,5.75,BR,1612901751
474,Togur,58.3631,82.8265,-3.21,92,100,8.86,RU,1612901480
475,Ca Mau,9.1769,105.15,72.77,90,96,2.82,VN,1612901707
476,Vágur,61.4732,-6.8119,37.36,78,67,21.45,FO,1612901752
477,Hinton,53.4001,-117.5857,-20.2,57,44,2.3,CA,1612901345
478,Atar,20.5169,-13.0499,68.79,23,0,8.81,MR,1612901344
479,Khovd,48.0056,91.6419,30.22,86,50,11.54,MN,1612901654
480,Middelkerke,51.1558,2.8418,24.33,80,40,11.5,BE,1612901753
481,Pioner,55.3166,85.9508,-0.4,85,75,8.95,RU,1612901753
482,Ketchikan,55.3422,-131.6461,18.32,62,20,6.91,US,1612901299
483,Goderich,43.7501,-81.7165,17.6,73,100,9.22,CA,1612901692
484,Tiksi,71.6872,128.8694,-16.78,83,100,3.8,RU,1612901555
485,Abu Kamal,34.4506,40.9171,62.69,36,0,8.43,SY,1612901754
486,Juneau,58.3019,-134.4197,6.8,33,20,20.71,US,1612901643
487,Tsimmerbude,54.675,20.1347,13.14,92,20,6.71,RU,1612901754
488,Puerto Suárez,-18.95,-57.8,90.63,62,75,6.91,BO,1612901754
489,Kirakira,-10.4544,161.9205,80.19,83,97,5.41,SB,1612901367
490,Ubari,26.5921,12.7805,60.12,30,0,6.4,LY,1612901755
491,Kiama,-34.6833,150.8667,61.79,93,100,1.99,AU,1612901562
492,Dhidhdhoo,6.8833,73.1,81.52,67,0,7.7,MV,1612901724
493,Chegutu,-18.1302,30.1407,66.7,96,100,5.84,ZW,1612901755
494,Hecun,36.5333,114.1111,41.77,60,0,3.98,CN,1612901756
495,Satipo,-11.2522,-74.6386,79.63,77,100,1.61,PE,1612901756
496,Iquitos,-3.7481,-73.2472,89.6,66,40,3.44,PE,1612901369
497,Nouadhibou,20.931,-17.0347,64.4,82,0,18.41,MR,1612901641
498,Grindavik,63.8424,-22.4338,30.2,93,90,10.36,IS,1612901294
499,Dicamay,16.7561,122.0037,68.47,95,100,5.1,PH,1612901757
500,Viedma,-40.8135,-62.9967,82.99,35,82,1.01,AR,1612901311
501,Progreso,21.2833,-89.6667,87.39,45,75,20.71,MX,1612901323
502,Chifeng,42.2683,118.9636,18.86,89,16,6.29,CN,1612901673
503,Itamarandiba,-17.8572,-42.8589,71.1,94,47,2.75,BR,1612901758
504,Fatezh,52.0891,35.8632,12.2,79,90,4.47,RU,1612901758
505,Aswān,24.0934,32.907,70.0,39,50,7.0,EG,1612901361
506,Edd,13.9297,41.6925,78.82,68,22,14.29,ER,1612901759
507,Rigaud,45.4793,-74.3024,21.34,72,99,1.99,CA,1612901730
508,Sisophon,13.5859,102.9737,74.75,79,18,10.71,KH,1612901759
509,Rommerskirchen,51.0305,6.7011,18.37,76,15,7.94,DE,1612901759
510,Canavieiras,-15.675,-38.9472,79.21,75,95,7.65,BR,1612901760
511,Muli,2.9167,73.5667,81.39,75,2,18.01,MV,1612901760
512,Havelock,34.8791,-76.9013,62.42,82,90,5.75,US,1612901563
513,Damara,4.9608,18.7035,74.28,19,100,0.85,CF,1612901760
514,The Valley,18.217,-63.0578,82.02,61,20,17.27,AI,1612901389
515,Vardø,70.3705,31.1107,21.2,79,75,23.02,NO,1612901287
516,Tarabuco,-19.1667,-64.9167,50.81,89,100,7.05,BO,1612901761
517,Neuquén,-38.9516,-68.0591,86.0,32,0,13.8,AR,1612901761
518,Puerto Peñasco,31.3167,-113.5333,64.0,72,96,8.01,MX,1612901762
519,Ruteng,-8.6136,120.4721,62.91,98,100,0.56,ID,1612901564
520,Natal,-5.795,-35.2094,85.1,65,20,14.97,BR,1612901106
521,Ayaviri,-14.8864,-70.5889,61.48,41,61,6.46,PE,1612901762
522,Necochea,-38.5473,-58.7368,70.0,59,8,7.0,AR,1612901571
523,Buchanan,5.8808,-10.0467,80.6,94,75,7.14,LR,1612901533
524,Chāndor,20.3333,74.25,63.84,28,0,3.42,IN,1612901763
525,Yumen,40.2833,97.2,31.91,77,51,16.13,CN,1612901565
526,Bodden Town,19.2833,-81.25,82.94,62,40,12.66,KY,1612901763
527,Maceió,-9.6658,-35.7353,82.4,69,0,9.22,BR,1612901350
528,São Félix do Xingu,-6.6447,-51.995,80.6,82,99,1.72,BR,1612901764
529,Tezu,27.9167,96.1667,60.69,36,0,4.14,IN,1612901764
530,Kidal,18.4411,1.4078,77.02,15,14,8.68,ML,1612901324
531,Senneterre,48.3835,-77.2328,14.0,73,75,4.61,CA,1612901764
532,Šilalė,55.4906,22.1814,12.25,96,95,7.74,LT,1612901765
533,Kualakapuas,-3.0091,114.3876,78.8,100,75,3.44,ID,1612901606
534,Kyshtovka,56.555,76.6271,-15.3,88,100,8.5,RU,1612901765
535,Vao,-22.6667,167.4833,77.88,83,15,10.98,NC,1612901169
536,Gijón,43.5357,-5.6615,50.56,66,40,8.05,ES,1612901766
537,Santarém,-2.4431,-54.7083,80.6,89,75,6.91,BR,1612901766
538,Havre-St-Pierre,50.2334,-63.5986,15.8,62,1,20.71,CA,1612901627
539,Qaqortoq,60.7167,-46.0333,35.6,27,40,29.93,GL,1612901558
540,Lamu,-2.2717,40.902,78.8,83,1,13.71,KE,1612901767
541,Ixtapa,20.7,-105.2,73.4,68,1,11.5,MX,1612901284
542,Ilabaya,-17.4208,-70.5133,74.5,52,100,8.28,PE,1612901767
543,Zatoka,46.0725,30.4654,41.0,93,0,11.18,UA,1612901767
544,Pasni,25.2631,63.471,74.41,39,19,22.01,PK,1612901768
545,Carutapera,-1.195,-46.02,84.02,67,91,9.37,BR,1612901313
546,Apt,43.8833,5.4,50.86,87,75,6.91,FR,1612901768
